page,citations
https://dtfprinterusa.com/blogs/blog/dtf-printer-for-beginners,330
https://dtfprinterusa.com/blogs/blog/dtf-vs-sublimation,130
https://dtfprinterusa.com/,130
https://dtfprinterusa.com/collections/dtf-film,125
https://dtfprinterusa.com/blogs/blog/dtf-machine-printing-process-guide,101
https://dtfprinterusa.com/blogs/blog/uv-printing,82
https://dtfprinterusa.com/blogs/blog/real-cost-of-dtf-printer-guide,61
https://dtfprinterusa.com/blogs/blog/dtf-printer-maintenance-checklist,59
https://dtfprinterusa.com/blogs/blog/best-tshirts-for-dtf-printing-guide,53
https://dtfprinterusa.com/collections/uv-dtf-printer,44
https://dtfprinterusa.com/collections/dtf-transfer-powders,37
https://dtfprinterusa.com/blogs/blog/dtf-ink-brands,35
https://dtfprinterusa.com/blogs/blog/apparel-blanks,32
https://dtfprinterusa.com/blogs/blog/dtf-printing-stretch-test-for-performance-wear-durability,24
https://dtfprinterusa.com/blogs/blog/dtf-powder,23
https://dtfprinterusa.com/blogs/blog/how-to-print-t-shirts-with-a-dtf-printer,20
https://dtfprinterusa.com/collections/dtf-inks-t-shirts-hats,16
https://dtfprinterusa.com/collections/replacement-and-spare-parts,16
https://dtfprinterusa.com/blogs/blog/anatomy-of-a-dtf-printer,15
https://dtfprinterusa.com/blogs/blog/how-to-print-dtf-on-black-t-shirts,13
https://dtfprinterusa.com/blogs/blog/types-of-dtf-printers-which-one-fits-your-needs,12
https://dtfprinterusa.com/pages/about-dtf-printer-usa,11
https://dtfprinterusa.com/blogs/blog/dtf-printing-gear-diy-convert-vs-dedicated-settings-guide,10
https://dtfprinterusa.com/collections/dtf-printer,10
https://dtfprinterusa.com/collections/dtf-printing-supplies-sale,9
https://dtfprinterusa.com/collections/heat-press-machines,9
https://dtfprinterusa.com/collections/24-inch-dtf-printers,8
https://dtfprinterusa.com/collections/hydraulic-heat-presses,8
https://dtfprinterusa.com/products/dtf-moisturizing-liquid,7
https://dtfprinterusa.com/collections/uv-flatbed-printers,6
https://dtfprinterusa.com/blogs/blog/best-dtf-printer-for-small-business,6
https://dtfprinterusa.com/pages/faq,6
https://dtfprinterusa.com/products/24-inch-dtf-printer-4-epson-i3200-printheads,5
https://dtfprinterusa.com/blogs/blog/dtf-film-transfer-process-explained-from-printing-to-heat-pressing,4
https://dtfprinterusa.com/blogs/blog/graduation-season-2026,4
https://dtfprinterusa.com/blogs/blog/dtf-strategy-for-winning-bulk-orders,4
https://dtfprinterusa.com/blogs/blog/stop-clicking-start-printing-5-software-tools-to-unclog-your-workflow,4
https://dtfprinterusa.com/collections/sublimation-printers,3
https://dtfprinterusa.com/products/16-5-inch-all-one-dtf-printer-powder-shaker,3
https://dtfprinterusa.com/blogs/blog/dtf-powder-shaker-pros-cons,3
https://dtfprinterusa.com/blogs/blog/dtf-printing-speed-resolution-guide,3
https://dtfprinterusa.com/products/replacement-print-head-i3200,3
https://dtfprinterusa.com/blogs/blog/dtf-printing-hats-patches-bags,3
https://dtfprinterusa.com/blogs/blog/dtf-transfer-powders-types-quality-effects,3
https://dtfprinterusa.com/blogs/blog/profitable-dtf-pricing-models,3
https://dtfprinterusa.com/blogs/blog/future-of-dtf-printing-2030,3
https://dtfprinterusa.com/products/24-inch-dtf-printer-5-epson-i3200-printheads,2
https://dtfprinterusa.com/blogs/blog/dtg-printing-101-the-top-10-faqs,2
https://dtfprinterusa.com/blogs/blog/dtf-powder-humidity-storage-guide,2
https://dtfprinterusa.com/pages/locations,2
https://dtfprinterusa.com/collections/uv-printers,2
https://dtfprinterusa.com/blogs/blog/dtf-printing-supplies-breakdown,2
https://dtfprinterusa.com/blogs/blog/everything-you-need-to-know-about-uv-printing,2
https://dtfprinterusa.com/products/dtf-strong-cleaning-solution,2
https://dtfprinterusa.com/collections/replacement-and-spare-parts-for-dryer,1
https://dtfprinterusa.com/blogs/blog/pinterest-tiktok-marketing-dtf-products,1
https://dtfprinterusa.com/products/uv-dtf-strong-cleaning-solution,1
https://dtfprinterusa.com/products/replacement-main-board-dtf,1
https://dtfprinterusa.com/products/uv-dtf-printer-usa-varnish-ink-1-liter,1
https://dtfprinterusa.com/blogs/blog/preventative-maintenance-routine-dtf-print-head,1
https://dtfprinterusa.com/products/12-inch-dtf-printer-dual-epson-i1600-printheads,1
https://dtfprinterusa.com/products/24-inch-fluorescent-dtf-printer-4-epson-i3200,1
https://dtfprinterusa.com/products/24-inch-uv-printer-3-epson-i3200-printheads,1
