"Grounding Query","Citations"
"dtf printers for beginners","321"
"dtf transfer paper","84"
"what is a uv printer","67"
"dtf printer usa","40"
"dtf powder","35"
"dtf printing machine cost","29"
"best dtf ink","19"
"gots (global organic textile standard)","8"
"can you use dtf on sublimation blanks","7"
"machine dtf","7"
"dtf printing for t-shirts","6"
"dtf heat press machine","6"
"best dtf printer for small business","6"
"hydraulic heat press","6"
"dtf suppliers","4"
"dtf machine made in the usa","4"
