"Page","Citations"
"https://dtfprinterusa.com/","167"
"https://dtfprinterusa.com/blogs/blog/dtf-printer-maintenance-checklist","81"
"https://dtfprinterusa.com/blogs/blog/dtf-machine-printing-process-guide","76"
"https://dtfprinterusa.com/blogs/blog/best-tshirts-for-dtf-printing-guide","55"
"https://dtfprinterusa.com/collections/hydraulic-heat-presses","42"
"https://dtfprinterusa.com/collections/dtf-transfer-powders","42"
"https://dtfprinterusa.com/blogs/blog/apparel-blanks","39"
"https://dtfprinterusa.com/blogs/blog/real-cost-of-dtf-printer-guide","34"
"https://dtfprinterusa.com/collections/replacement-and-spare-parts","31"
"https://dtfprinterusa.com/pages/about-dtf-printer-usa","30"
"https://dtfprinterusa.com/blogs/blog/dtf-printers-in-education-stem-art-classroom","29"
"https://dtfprinterusa.com/blogs/blog/how-to-print-t-shirts-with-a-dtf-printer","21"
"https://dtfprinterusa.com/blogs/blog/epson-dtf-printer","20"
"https://dtfprinterusa.com/collections/dtf-printer","18"
"https://dtfprinterusa.com/blogs/blog/anatomy-of-a-dtf-printer","14"
"https://dtfprinterusa.com/collections/uv-dtf-printer","13"
"https://dtfprinterusa.com/products/pneumatic-heat-press-for-hats-caps","12"
"https://dtfprinterusa.com/collections/replacement-and-spare-parts-for-dryer","10"
"https://dtfprinterusa.com/blogs/blog/guide-to-custom-dtf-transfers-for-events-weddings-birthdays","8"
"https://dtfprinterusa.com/blogs/blog/dtf-ink-brands","8"
"https://dtfprinterusa.com/products/24-inch-uv-printer-3-epson-i3200-printheads","8"
"https://dtfprinterusa.com/blogs/blog/how-to-print-dtf-on-black-t-shirts","7"
"https://dtfprinterusa.com/collections/dtf-film","7"
"https://dtfprinterusa.com/collections/embroidery-machines","7"
"https://dtfprinterusa.com/collections/dtf-printing-supplies-sale","7"
"https://dtfprinterusa.com/blogs/blog/dtf-transfer-powders-types-quality-effects","6"
"https://dtfprinterusa.com/blogs/blog/dtf-printing-stretch-test-for-performance-wear-durability","5"
"https://dtfprinterusa.com/products/replacement-white-and-color-damper?gad_source=1&gad_campaignid=22274345916","5"
"https://dtfprinterusa.com/blogs/blog/uv-dtf-printing-revolution","5"
"https://dtfprinterusa.com/collections/24-inch-dtf-printers","5"
"https://dtfprinterusa.com/pages/contact-us","4"
"https://dtfprinterusa.com/blogs/blog/best-dtf-printer-for-small-business","4"
"https://dtfprinterusa.com/products/dtf-moisturizing-liquid","4"
"https://dtfprinterusa.com/blogs/blog/7-creative-ways-to-make-money-with-your-dtf-printer","3"
"https://dtfprinterusa.com/blogs/blog/dtf-printer-for-beginners","3"
"https://dtfprinterusa.com/blogs/blog/t-shirt-printer","3"
"https://dtfprinterusa.com/products/dtf-white-ink-1-liter","2"
"https://dtfprinterusa.com/products/replacement-white-ink-filter","2"
"https://dtfprinterusa.com/blogs/blog/dtf-powder-shaker-pros-cons","2"
"https://dtfprinterusa.com/blogs/blog/dtf-printing-speed-resolution-guide","2"
"https://dtfprinterusa.com/blogs/blog/commercial-grade-dtf-printers-boosting-production-efficiency","2"
"https://dtfprinterusa.com/blogs/blog/dtf-partnerships-local-breweries-coffee-shops","2"
"https://dtfprinterusa.com/blogs/blog/boost-dtf-sales","2"
"https://dtfprinterusa.com/pages/financing","2"
"https://dtfprinterusa.com/collections/uv-printers","2"
"https://dtfprinterusa.com/products/replacement-main-board-dtf","2"
"https://dtfprinterusa.com/blogs/blog/types-of-dtf-printers-which-one-fits-your-needs","2"
"https://dtfprinterusa.com/blogs/blog/everything-you-need-to-know-about-uv-printing","2"
"https://dtfprinterusa.com/blogs/blog/t-shirt-designs","2"
"https://dtfprinterusa.com/blogs/blog/profitable-dtf-pricing-models","2"
"https://dtfprinterusa.com/blogs/blog/laundry-care-symbols-guide-dtf-apparel","1"
"https://dtfprinterusa.com/blogs/blog/advanced-dtf-design-techniques","1"
"https://dtfprinterusa.com/collections/dtf-printers-and-dryers","1"
"https://dtfprinterusa.com/products/24-inch-automatic-dtf-powder-shaker-dryer","1"
"https://dtfprinterusa.com/blogs/blog/dtf-shop","1"
"https://dtfprinterusa.com/blogs/blog/dtf-powder-humidity-storage-guide","1"
"https://dtfprinterusa.com/products/replacement-24v10a-power-supply-copy","1"
"https://dtfprinterusa.com/products/replacement-print-head-i3200","1"
"https://dtfprinterusa.com/collections/uv-flatbed-printers","1"
"https://dtfprinterusa.com/products/white-poly-mailer","1"
"https://dtfprinterusa.com/pages/faq","1"
"https://dtfprinterusa.com/products/dtf-strong-cleaning-solution","1"
"https://dtfprinterusa.com/pages/return-policy","1"
